<?xml version="1.0" standalone="yes"?>
<DataSetSetting>
  <TableOutputPattern1>
    <NameJP>商品管理番号(商品コード以降)</NameJP>
    <NameEN>sku</NameEN>
    <Value>@@@@@@</Value>
  </TableOutputPattern1>
  <TableOutputPattern1>
    <NameJP>商品コードのタイプ</NameJP>
    <NameEN>product-id-type</NameEN>
    <Value>ISBN</Value>
  </TableOutputPattern1>
  <TableOutputPattern1>
    <NameJP>配送パターン</NameJP>
    <NameEN>merchant_shipping_group_name</NameEN>
    <Value>Yamato</Value>
  </TableOutputPattern1>
  <TableOutputPattern1>
    <NameJP>ポイントパーセント</NameJP>
    <NameEN>standard-price-points-percent</NameEN>
    <Value>5</Value>
  </TableOutputPattern1>
  <TableOutputPattern1>
    <NameJP>商品のコンディション</NameJP>
    <NameEN>item-condition</NameEN>
    <Value>New</Value>
  </TableOutputPattern1>
  <TableOutputPattern1>
    <NameJP>在庫数</NameJP>
    <NameEN>quantity</NameEN>
    <Value>10</Value>
  </TableOutputPattern1>
  <TableOutputPattern1>
    <NameJP>商品メモ</NameJP>
    <NameEN>item-note</NameEN>
    <Value>Memo</Value>
  </TableOutputPattern1>
  <TableOutputPattern2>
    <NameJP>商品管理番号(商品コード以降)</NameJP>
    <NameEN>sku</NameEN>
    <Value />
  </TableOutputPattern2>
  <TableOutputPattern2>
    <NameJP>商品コードのタイプ</NameJP>
    <NameEN>product-id-type</NameEN>
    <Value />
  </TableOutputPattern2>
  <TableOutputPattern2>
    <NameJP>配送パターン</NameJP>
    <NameEN>merchant_shipping_group_name</NameEN>
    <Value />
  </TableOutputPattern2>
  <TableOutputPattern2>
    <NameJP>ポイントパーセント</NameJP>
    <NameEN>standard-price-points-percent</NameEN>
    <Value />
  </TableOutputPattern2>
  <TableOutputPattern2>
    <NameJP>商品のコンディション</NameJP>
    <NameEN>item-condition</NameEN>
    <Value />
  </TableOutputPattern2>
  <TableOutputPattern2>
    <NameJP>在庫数</NameJP>
    <NameEN>quantity</NameEN>
    <Value />
  </TableOutputPattern2>
  <TableOutputPattern2>
    <NameJP>商品メモ</NameJP>
    <NameEN>item-note</NameEN>
    <Value />
  </TableOutputPattern2>
  <TableCommonOutput1>
    <NameJP>商品管理番号(商品コード以降)</NameJP>
    <NameEN>sku</NameEN>
    <Value>@@@@@</Value>
  </TableCommonOutput1>
  <TableCommonOutput1>
    <NameJP>数量</NameJP>
    <NameEN>quantity</NameEN>
    <Value>10</Value>
  </TableCommonOutput1>
  <TableCommonOutput1>
    <NameJP>リードタイム</NameJP>
    <NameEN>leadtime</NameEN>
    <Value>1day</Value>
  </TableCommonOutput1>
  <TableCommonOutput1>
    <NameJP>自動価格モードID</NameJP>
    <NameEN>autoprice_template_mode</NameEN>
    <Value>1</Value>
  </TableCommonOutput1>
  <TableCommonOutput1>
    <NameJP>自動価格テンプレートID</NameJP>
    <NameEN>autoprice_template_id</NameEN>
    <Value>1000</Value>
  </TableCommonOutput1>
  <TableCommonOutput1>
    <NameJP>下限ストッパー</NameJP>
    <NameEN>autoprice_stopper</NameEN>
    <Value>10000</Value>
  </TableCommonOutput1>
  <TableCommonOutput1>
    <NameJP>上限ストッパー</NameJP>
    <NameEN>autoprice_stopper_upper</NameEN>
    <Value>20000</Value>
  </TableCommonOutput1>
  <TableCommonOutput2>
    <NameJP>商品管理番号(商品コード以降)</NameJP>
    <NameEN>sku</NameEN>
    <Value>@@@@@</Value>
  </TableCommonOutput2>
  <TableCommonOutput2>
    <NameJP>登録/削除</NameJP>
    <NameEN>add-delete</NameEN>
    <Value>X</Value>
  </TableCommonOutput2>
  <TableCostRatio>
    <CostLower>20000</CostLower>
    <CostRatio>1.525</CostRatio>
  </TableCostRatio>
  <TableCostRatio>
    <CostLower>10000</CostLower>
    <CostRatio>1.495</CostRatio>
  </TableCostRatio>
  <TableCostRatio>
    <CostLower>5000</CostLower>
    <CostRatio>1.465</CostRatio>
  </TableCostRatio>
  <TableCostRatio>
    <CostLower>3000</CostLower>
    <CostRatio>1.435</CostRatio>
  </TableCostRatio>
  <TableCostRatio>
    <CostLower>0</CostLower>
    <CostRatio>1.425</CostRatio>
  </TableCostRatio>
</DataSetSetting>