<?xml version="1.0" standalone="yes"?>
<DataSetSetting>
  <TableOutputPattern1>
    <NameJP>商品管理番号(商品コード以降)</NameJP>
    <NameEN>sku</NameEN>
    <Value />
  </TableOutputPattern1>
  <TableOutputPattern1>
    <NameJP>商品コードのタイプ</NameJP>
    <NameEN>product-id-type</NameEN>
    <Value />
  </TableOutputPattern1>
  <TableOutputPattern1>
    <NameJP>配送パターン</NameJP>
    <NameEN>merchant_shipping_group_name</NameEN>
    <Value />
  </TableOutputPattern1>
  <TableOutputPattern1>
    <NameJP>ポイントパーセント</NameJP>
    <NameEN>standard-price-points-percent</NameEN>
    <Value />
  </TableOutputPattern1>
  <TableOutputPattern1>
    <NameJP>商品のコンディション</NameJP>
    <NameEN>item-condition</NameEN>
    <Value />
  </TableOutputPattern1>
  <TableOutputPattern1>
    <NameJP>在庫数</NameJP>
    <NameEN>quantity</NameEN>
    <Value />
  </TableOutputPattern1>
  <TableOutputPattern1>
    <NameJP>商品メモ</NameJP>
    <NameEN>item-note</NameEN>
    <Value />
  </TableOutputPattern1>
  <TableOutputPattern2>
    <NameJP>商品管理番号(商品コード以降)</NameJP>
    <NameEN>sku</NameEN>
    <Value />
  </TableOutputPattern2>
  <TableOutputPattern2>
    <NameJP>商品コードのタイプ</NameJP>
    <NameEN>product-id-type</NameEN>
    <Value />
  </TableOutputPattern2>
  <TableOutputPattern2>
    <NameJP>配送パターン</NameJP>
    <NameEN>merchant_shipping_group_name</NameEN>
    <Value />
  </TableOutputPattern2>
  <TableOutputPattern2>
    <NameJP>ポイントパーセント</NameJP>
    <NameEN>standard-price-points-percent</NameEN>
    <Value />
  </TableOutputPattern2>
  <TableOutputPattern2>
    <NameJP>商品のコンディション</NameJP>
    <NameEN>item-condition</NameEN>
    <Value />
  </TableOutputPattern2>
  <TableOutputPattern2>
    <NameJP>在庫数</NameJP>
    <NameEN>quantity</NameEN>
    <Value />
  </TableOutputPattern2>
  <TableOutputPattern2>
    <NameJP>商品メモ</NameJP>
    <NameEN>item-note</NameEN>
    <Value />
  </TableOutputPattern2>
  <TableCommonOutput1>
    <NameJP>商品管理番号(商品コード以降)</NameJP>
    <NameEN>sku</NameEN>
    <Value />
  </TableCommonOutput1>
  <TableCommonOutput1>
    <NameJP>数量</NameJP>
    <NameEN>quantity</NameEN>
    <Value />
  </TableCommonOutput1>
  <TableCommonOutput1>
    <NameJP>リードタイム</NameJP>
    <NameEN>leadtime</NameEN>
    <Value />
  </TableCommonOutput1>
  <TableCommonOutput1>
    <NameJP>自動価格モードID</NameJP>
    <NameEN>autoprice_template_mode</NameEN>
    <Value />
  </TableCommonOutput1>
  <TableCommonOutput1>
    <NameJP>自動価格テンプレートID</NameJP>
    <NameEN>autoprice_template_id</NameEN>
    <Value />
  </TableCommonOutput1>
  <TableCommonOutput1>
    <NameJP>下限ストッパー</NameJP>
    <NameEN>autoprice_stopper</NameEN>
    <Value />
  </TableCommonOutput1>
  <TableCommonOutput1>
    <NameJP>上限ストッパー</NameJP>
    <NameEN>autoprice_stopper_upper</NameEN>
    <Value />
  </TableCommonOutput1>
  <TableCommonOutput2>
    <NameJP>商品管理番号(商品コード以降)</NameJP>
    <NameEN>sku</NameEN>
    <Value />
  </TableCommonOutput2>
  <TableCommonOutput2>
    <NameJP>登録/削除</NameJP>
    <NameEN>add-delete</NameEN>
    <Value />
  </TableCommonOutput2>
</DataSetSetting>