<?xml version="1.0" standalone="yes"?>
<DataSetSetting>
  <TableOutputPattern1>
    <NameJP>商品管理番号(商品コード以降)</NameJP>
    <NameEN>sku</NameEN>
    <Value>@@@@@@</Value>
  </TableOutputPattern1>
  <TableOutputPattern1>
    <NameJP>商品コードのタイプ</NameJP>
    <NameEN>product-id-type</NameEN>
    <Value>ISBN</Value>
  </TableOutputPattern1>
  <TableOutputPattern1>
    <NameJP>配送パターン</NameJP>
    <NameEN>merchant_shipping_group_name</NameEN>
    <Value>2</Value>
  </TableOutputPattern1>
  <TableOutputPattern1>
    <NameJP>ポイントパーセント</NameJP>
    <NameEN>standard-price-points-percent</NameEN>
    <Value>3</Value>
  </TableOutputPattern1>
  <TableOutputPattern1>
    <NameJP>商品のコンディション</NameJP>
    <NameEN>item-condition</NameEN>
    <Value>2</Value>
  </TableOutputPattern1>
  <TableOutputPattern1>
    <NameJP>在庫数</NameJP>
    <NameEN>quantity</NameEN>
    <Value>1</Value>
  </TableOutputPattern1>
  <TableOutputPattern1>
    <NameJP>商品メモ</NameJP>
    <NameEN>item-note</NameEN>
    <Value>【出来るだけ納期の短縮を行います。お急ぎの場合はお問合せください。対応できる場合がございます】 未読のほぼ新品ですが書店に並んでいた為、経年劣化や細かいスレ等がある場合がございます。品薄本のため定価より高くなっております。 以上の点をご納得の上ご購入をお願い致します。 万が一、在庫切れの場合はすみやかに全額返金いたします。</Value>
  </TableOutputPattern1>
  <TableOutputPattern2>
    <NameJP>商品管理番号(商品コード以降)</NameJP>
    <NameEN>sku</NameEN>
    <Value>######</Value>
  </TableOutputPattern2>
  <TableOutputPattern2>
    <NameJP>商品コードのタイプ</NameJP>
    <NameEN>product-id-type</NameEN>
    <Value>ASIN</Value>
  </TableOutputPattern2>
  <TableOutputPattern2>
    <NameJP>配送パターン</NameJP>
    <NameEN>merchant_shipping_group_name</NameEN>
    <Value>1</Value>
  </TableOutputPattern2>
  <TableOutputPattern2>
    <NameJP>ポイントパーセント</NameJP>
    <NameEN>standard-price-points-percent</NameEN>
    <Value>5</Value>
  </TableOutputPattern2>
  <TableOutputPattern2>
    <NameJP>商品のコンディション</NameJP>
    <NameEN>item-condition</NameEN>
    <Value>1</Value>
  </TableOutputPattern2>
  <TableOutputPattern2>
    <NameJP>在庫数</NameJP>
    <NameEN>quantity</NameEN>
    <Value>1</Value>
  </TableOutputPattern2>
  <TableOutputPattern2>
    <NameJP>商品メモ</NameJP>
    <NameEN>item-note</NameEN>
    <Value>【出来るだけ納期の短縮を行います。お急ぎの場合はお問合せください。対応できる場合がございます】 未読のほぼ新品ですが書店に並んでいた為、経年劣化や細かいスレ等がある場合がございます。品薄本のため定価より高くなっております。 以上の点をご納得の上ご購入をお願い致します。 万が一、在庫切れの場合はすみやかに全額返金いたします。</Value>
  </TableOutputPattern2>
  <TableCommonOutput1>
    <NameJP>商品管理番号(商品コード以降)</NameJP>
    <NameEN>sku</NameEN>
    <Value>@@@@@</Value>
  </TableCommonOutput1>
  <TableCommonOutput1>
    <NameJP>数量</NameJP>
    <NameEN>quantity</NameEN>
    <Value>1</Value>
  </TableCommonOutput1>
  <TableCommonOutput1>
    <NameJP>リードタイム</NameJP>
    <NameEN>leadtime</NameEN>
    <Value>10</Value>
  </TableCommonOutput1>
  <TableCommonOutput1>
    <NameJP>自動価格モードID</NameJP>
    <NameEN>autoprice_template_mode</NameEN>
    <Value>1</Value>
  </TableCommonOutput1>
  <TableCommonOutput1>
    <NameJP>自動価格テンプレートID</NameJP>
    <NameEN>autoprice_template_id</NameEN>
    <Value>2651</Value>
  </TableCommonOutput1>
  <TableCommonOutput2>
    <NameJP>商品管理番号(商品コード以降)</NameJP>
    <NameEN>sku</NameEN>
    <Value>@@@@@</Value>
  </TableCommonOutput2>
  <TableCommonOutput2>
    <NameJP>登録/削除</NameJP>
    <NameEN>add-delete</NameEN>
    <Value>X</Value>
  </TableCommonOutput2>
  <TableCostRatio>
    <CostLower>20000</CostLower>
    <CostRatio>1.52</CostRatio>
  </TableCostRatio>
  <TableCostRatio>
    <CostLower>10000</CostLower>
    <CostRatio>1.49</CostRatio>
  </TableCostRatio>
  <TableCostRatio>
    <CostLower>5000</CostLower>
    <CostRatio>1.46</CostRatio>
  </TableCostRatio>
  <TableCostRatio>
    <CostLower>3000</CostLower>
    <CostRatio>1.43</CostRatio>
  </TableCostRatio>
  <TableCostRatio>
    <CostLower>0</CostLower>
    <CostRatio>1.42</CostRatio>
  </TableCostRatio>
  <AppConfig>
    <AppConfigKey>MaxLines</AppConfigKey>
    <AppConfigValue>1000000</AppConfigValue>
  </AppConfig>
</DataSetSetting>